-3.274689314227514567e-03,-1.505121315483986372e-04,-1.524510059101120887e-04,-1.095282846512680096e-04,-6.284469105460916305e-05,-4.197243070400652156e-05,-2.784533124044012156e-05,-6.386860469500671965e-05,-8.543573414489143147e-04,-2.339627577992857508e-03,-6.160305652699114409e-04,-1.275609511414435137e-03,6.270215272567168221e-06,6.786396540438674647e-06,4.134914602648220157e-06,-2.226195651486158843e-05,-1.876915795846785820e-06,-3.447050520327935068e-05,-1.730262308430100039e-05,1.696630660838569637e-06,-3.666225374165307522e-04,-5.304680976948381445e-05,-5.721953422966057252e-05,-1.344950141960542201e-03,-1.228204567106217272e-05,-6.649824981124512126e-05,-5.054585267861908248e-05,-6.477837417963025533e-05,-3.557630167020897459e-05,-7.818380767434876897e-09,1.188540996718305738e-06,0.000000000000000000e+00
-1.267611518060875317e-04,-1.196403513506202082e-05,-5.470722787639149966e-05,-1.041816681497355958e-04,-2.928509026219377216e-06,5.675450871121900216e-06,-2.712368628874484207e-06,-3.394207093544167682e-06,3.633930837822229622e-05,-2.483550685080890093e-05,-1.395050788295622030e-03,-1.934444786631338146e-04,-1.061661707497450177e-04,-3.519847631790742003e-04,-4.712589957313914439e-05,2.202429455325364933e-06,-1.387810925670672264e-05,-1.817685886902264340e-04,-6.948745637417512531e-05,-4.983866752791303784e-05,-4.645671343433503675e-05,-3.738405001684707871e-06,-1.247977210032755017e-03,-2.557872290419590730e-02,-1.574777413490629116e-05,-4.236448887204922022e-04,-4.236463178868690792e-05,-4.509440261991471347e-06,-2.014816900234464396e-04,2.600744429697270720e-05,2.253974022078413159e-05,-2.262220732415849060e-04
-3.825016687551909603e-06,-3.758686553944317155e-06,-5.185940369900594212e-06,-1.679634089530438915e-05,-2.250396482362733734e-04,-1.456060850065417052e-03,3.186597138096818808e-04,-3.315766876608091258e-05,-5.223033542525448638e-05,1.160111094395431663e-05,-3.238097989172457705e-05,3.648550369171228849e-05,1.471403707738319427e-04,-2.030254839505732413e-05,1.840819887112831485e-04,-3.560404010821128476e-04,-1.151609866340002367e-04,-2.730004121621673873e-05,-4.085030390950621370e-05,-2.685121151556921584e-04,2.465581860293454314e-04,4.384178032491707975e-08,2.919093341854294579e-06,1.382487280916932349e-06,-1.390808602146100231e-04,2.006778680050826967e-05,8.405200685197106533e-06,-2.029252321326682166e-05,-4.854413703062975102e-05,-1.517795709359797253e-04,-1.927951747506898977e-05,-3.051461470648331257e-05
-1.819872301287308138e-04,-2.958662335055503272e-05,9.901180590157448879e-07,1.263887488791569247e-06,-4.637382178447815178e-05,-1.534296275866552830e-05,-4.471420232936929183e-06,-1.806895260414048167e-04,-1.074022945799511434e-04,-8.424683585657891395e-06,-4.226713321777257479e-05,-8.729621452740453041e-06,-2.157407330693243697e-03,-4.285116205766944337e-04,-1.180364273499030163e-04,-1.421481244822987721e-04,-6.393619585777035618e-05,-3.081101960961001761e-05,-1.305680096737924787e-05,-1.189191477591295347e-04,-4.053872462220185226e-05,-1.094188693548291342e-04,-1.476313734928878861e-04,-1.383426117123602475e-04,-1.436312208727149348e-05,-2.025402399313298450e-04,1.575233485702062574e-05,-1.980305138360630157e-03,-1.711012404123045394e-03,-4.335836900138048005e-04,-1.052848353708748814e-03,-3.804150017763899033e-04
-3.998717568993400188e-04,-8.814076778750830105e-05,-7.746600886157940509e-05,1.013369755280875298e-04,-2.011488623948628506e-05,-5.875374433520146424e-05,-5.811715580008093866e-05,-5.222424045100030406e-05,-5.120408888091825678e-04,-2.704971221673639755e-04,-1.350558863372156991e-04,-6.324706444114824486e-05,-2.375877710592595325e-05,-2.370675124637835248e-04,3.839215875848896788e-05,-1.566432721187769207e-03,-2.968188605372424835e-02,-4.660728031556596199e-05,-1.296289632955962676e-05,-3.360011387611141521e-03,-2.038422945692441640e-04,-1.219919605551048453e-05,1.352674449952936698e-05,-1.462094370165395831e-04,-9.881613621086260711e-06,-1.846920115655164681e-05,-1.036090137928261920e-04,-6.993142060399559637e-04,1.253717708991175885e-04,1.735549887749977338e-03,6.124352030088265600e-05,4.153262576868571099e-05
-2.042076147157483338e-04,-4.105120687121564913e-04,-5.262568908282496517e-05,-2.608783490567012186e-05,-1.070420061499510918e-02,-4.808924446993721735e-02,-1.751132929442799713e-03,8.978066895004724671e-04,6.968032847170432635e-03,6.537989769735188042e-03,1.672768626461916780e-04,2.264011477886033064e-03,-1.425092622154354276e-04,8.136517406350634983e-06,7.046000409361673821e-06,-6.785303648503442253e-06,-1.938225562212665708e-04,-2.053797413162855654e-04,-2.849850230896254228e-05,1.986637522370589845e-04,1.814505361199210734e-05,-1.602181048252014194e-04,-3.995821153159202430e-03,-1.305317340684038012e-04,-9.631345571348461901e-05,-1.091783280433149012e-04,-4.430456121146090381e-04,-2.405920889549093868e-04,-2.552869667959818353e-04,-8.964507048489848940e-05,-1.040524126612417112e-04,-4.966111462274290159e-05
-1.221579960606498400e-05,-5.676617323091235365e-05,-4.868749502851865129e-06,1.501789045939156406e-04,-4.109550052032147696e-04,4.484308791597740483e-04,-2.892666584345786611e-04,2.599016819753498806e-05,-9.534830603175842252e-06,-3.211900823038959206e-03,4.056100280395852557e-06,-4.645366594720794559e-05,-2.909103889223214499e-04,-4.482805855015269385e-04,1.179435105182556186e-04,-1.640938359019786599e-04,-4.535104307032102522e-05,-6.933803702947619269e-04,-4.136139692473310620e-04,-1.742415897264467132e-04,-8.906164693899652632e-04,-2.035500888932070731e-03,-5.689183100322406199e-03,-6.944237458184677233e-05,1.825576566674645392e-04,1.089889004469254177e-04,2.769543879963615174e-03,4.789773348524472890e-05,3.942587479885945978e-04,-1.357350442742427145e-02,-6.903457876993671094e-05,-2.724873834671860080e-07
-3.503901918112642844e-05,-4.243581688454524630e-05,-1.319637587780004129e-05,-6.666216888952322542e-04,-4.042024462784631219e-04,-2.209854815339167643e-05,-2.485025668850402662e-04,-1.538099707938383933e-03,-4.422341818870038931e-04,-6.890107151147172168e-04,5.424884377817172400e-06,4.609687876465962965e-04,7.711907872360078349e-06,5.744158044688624243e-05,1.841686634486081335e-04,-2.116407300588610480e-04,-1.375120348587358869e-04,-2.209158937416560900e-04,-1.558321823690438654e-04,-1.226825841895615957e-04,3.266596827755862092e-04,1.966800272716958005e-04,-4.946467150081532236e-04,-1.192201974529809826e-02,-4.030154185167320697e-04,1.938029629807546186e-02,-1.471486305148039905e-04,1.902026165019305749e-03,-4.502804726572400126e-04,-1.279610693875085463e-03,-1.169247313682383882e-03,-1.212590714267682262e-04
-1.944012319923960541e-03,8.954539874040525578e-04,-6.175398280153153409e-04,1.324304971943789447e-03,-1.935032216046525771e-04,4.221311913558895088e-05,5.009170774007886068e-04,9.637575055379288833e-05,-1.275698340409901592e-02,-2.486074634936700015e-03,6.690149751133239644e-04,-1.505785449099305250e-02,-2.125816532687844779e-03,-1.637104410042379457e-04,1.722990079390145047e-03,-5.741586596067937325e-04,-1.502822459332529381e-04,1.320973858342352407e-04,-7.668154364076084652e-05,-2.525721181431005071e-04,-4.278944729077294759e-04,4.554895529121538895e-04,1.492772687473485370e-05,1.749577912356184190e-04,-1.210031602715571546e-03,-1.897140412639999928e-03,-1.280395117061598840e-03,-9.666625173875407649e-04,5.234465822682561826e-04,-5.505129968161643836e-03,-1.307582443288418401e-03,-1.889405385899779180e-03
-2.679064848863523625e-04,-5.226479430797238181e-03,1.054597506233936281e-03,2.449506050440757314e-04,3.423761413531175549e-04,3.443164448812078562e-05,-1.945297203548200179e-05,-1.606996708427396763e-05,-4.257433673390548646e-04,-1.013637723976533358e-04,-4.284940292199676667e-04,-6.852852776961870996e-06,-3.057966804807041392e-03,-2.082872184778975042e-03,2.973162699149256940e-04,-1.790272374079156790e-04,-1.226570693663044229e-04,-1.797787477334564633e-04,1.682838784958983424e-04,-6.156013109451961493e-04,-1.013341487210627596e-03,-1.072232494569463646e-04,7.721287617394215035e-04,-3.701193754696543298e-03,-1.516352461490711855e-04,1.915432165977144470e-03,1.147137311180824928e-03,-1.056771646601861189e-04,9.114964640527249327e-05,-5.129216125889120553e-04,1.076624238776891608e-04,-8.268151889398840659e-03
-5.081807104253298520e-03,-2.019971787761397700e-02,-2.582956171674688148e-02,2.652389038096698436e-04,-1.179054904892010841e-04,1.051788479720251458e-04,3.848851189458655933e-04,1.683229640945897330e-03,-3.119977808469441257e-04,1.086468462883501379e-04,-3.294820551811723764e-04,4.824560939509038229e-05,-3.155918820788729099e-05,7.008709465330847975e-04,-2.359379245801099842e-04,-2.190662161755797355e-04,2.646854591302374277e-04,1.689861035985906279e-04,-2.159093915155139119e-03,4.929564735617052726e-04,-5.365004408342713795e-05,-7.413401464144836733e-04,-1.400022311674691108e-04,-7.826096164154569546e-04,8.063024416965220830e-04,5.283090056081753009e-04,1.079437174480960156e-04,-9.439549972375457917e-04,5.067459892150545132e-03,-5.421946558192351252e-03,-1.015768569010100982e-03,-2.293284525319786837e-03
-5.693367993713938649e-05,-2.296487791581954332e-03,-1.143133228353115721e-04,-3.489244135545910936e-04,-5.393783195398758266e-05,4.284506287998474154e-05,8.552800490926788096e-03,1.242952345120385688e-03,4.997787842125078935e-03,-1.016892188022435872e-03,5.404125736193529607e-04,-1.880910315870061621e-04,-1.387335070013495479e-02,4.774705983687859215e-03,-2.343395343956725368e-03,-4.481098421537993621e-04,-1.726603852676908142e-04,-7.736473981348853312e-04,-5.053878040676897544e-04,-6.568576872600990937e-05,3.055762883133881624e-03,-9.911038265241721434e-04,-3.392912436943968952e-03,-1.019065718892935403e-03,1.664467355596329929e-03,-4.800921266606899629e-04,1.671763186898655128e-03,1.488543616027186288e-04,-8.970135441956298013e-05,-2.931795478371538081e-04,3.422557130687159399e-05,-6.223927095679536968e-05
-2.599123797060236231e-04,-1.058598667677434124e-04,-5.294642764523268489e-04,1.858439196652518738e-04,-5.776165066384126029e-06,1.273251260789728554e-03,6.885144581075111148e-04,5.397831939675743753e-04,-4.409541532250149990e-04,1.120752608994670914e-03,-9.431096873599483909e-04,1.484368348491544882e-04,-6.280740662589564421e-05,4.145605607833109164e-04,-6.586424428417921809e-04,6.354388968732696855e-05,2.814458606945947103e-04,1.148008997584936211e-04,3.229148675423583101e-04,1.121191321038056524e-04,-5.075935542331259497e-04,3.318992589189236021e-04,-1.354371164682385614e-03,-2.570254636248009037e-04,5.540307637498476058e-04,2.215918600138891588e-03,-5.850197986419850005e-04,7.909190839705581080e-04,-2.493635366430403504e-03,8.322384066575001099e-04,-1.173633866653119593e-03,-1.377006511930349954e-03
6.987874531443264000e-04,-1.045090460306498468e-03,5.665464571063710039e-04,-2.219763099726904283e-03,9.459573539086895549e-03,8.427790067932332610e-03,5.997683122564942968e-04,1.417222581225826899e-03,1.578077169500385945e-03,-1.887831281035171754e-02,6.784559052821106766e-03,-1.990264998840848409e-03,-1.624615387452506361e-05,-9.148960473339042693e-03,1.423551182148318677e-03,-2.074742224724235393e-03,-5.429678138119545597e-03,-5.778969027764034247e-03,-1.993414150138499846e-02,7.671164356602936697e-03,7.802459244499421881e-03,-8.001119760094980993e-03,4.104537040793845523e-04,-2.689668422693594413e-04,7.798485090097015534e-04,8.276650112001448676e-04,8.746014831768944878e-05,2.107650503957557572e-05,9.958001513070886303e-04,1.098669340311219994e-03,2.336632970021709169e-03,1.660379687552727881e-03
8.396423922271082502e-04,7.015433482962367970e-04,4.866403295055598925e-03,-1.441986839929319794e-05,5.394231449229424692e-03,-2.341070342467433101e-03,-7.362532262573457525e-03,-2.088002492745941532e-03,-2.268370771609845755e-04,-1.221334858572869836e-03,-8.792851976682504152e-04,-1.431589024023209459e-04,7.632447903179820099e-04,-4.020283437414128719e-03,-1.109553640248577130e-03,3.118004844286209696e-03,-1.560661970139894973e-02,-1.603643467967701824e-02,-2.337808249195136561e-03,-4.394088944023519933e-02,-1.826123201796635200e-03,-6.685817275296145838e-04,1.150118825465903201e-03,-9.839359476468796054e-04,-3.702555434996385869e-03,3.671213164820489390e-05,1.146912322562235141e-05,3.509932579879868411e-04,4.517781969858661599e-04,2.863379644574164107e-03,-6.246680265084980773e-04,1.977419924668767995e-03
-2.496542437960970581e-04,-4.144759457269407482e-04,-6.682325905906127863e-05,1.099019275902020403e-04,-1.146482311620026324e-03,-1.343968220591040732e-03,2.984780560763834159e-04,-8.479210486364970262e-04,-8.458425573300575083e-04,5.128756901104797056e-04,-2.955312074828046840e-03,1.253938094853346112e-03,-5.440489613623141298e-05,-2.318722194609756427e-04,-6.126874088400341986e-04,-5.172751265957594661e-04,-4.747392260305299686e-04,2.372964733242147761e-05,5.245034297867789632e-05,8.389147784040744719e-05,-5.207207626617173506e-05,3.515879593379742877e-04,-6.103278131175613190e-05,-4.905082905410206723e-04,-7.632299522082458803e-04,-1.274579187542494415e-03,-1.504776318924047097e-03,-2.072047447452087844e-04,-2.057555490219374345e-04,-5.240558695221485611e-04,5.721669691405948391e-05,-3.451941211738101915e-05
-2.180159470258209687e-04,-4.485909731162788031e-03,-3.469034461948195588e-04,-3.914477668797179395e-04,-5.069318291834951155e-05,1.446581189487817729e-05,9.471316768016734434e-05,-2.141281941377561710e-04,-8.693383047711865765e-04,-2.431396200559371413e-04,-7.637141453698593249e-05,-3.512902135405116845e-03,-3.364867148513686530e-06,-5.376170821519429626e-05,-2.908177032793526456e-05,-3.888777474254075735e-04,-1.574993890162415468e-04,-5.898660387744015295e-04,-2.663533173091657210e-05,-1.751261113056511035e-03,2.462611085773354965e-04,-2.753688350887325501e-05,1.583697093054337116e-05,8.406167474216735873e-06,-1.777258973531897985e-04,-3.572191102548446032e-03,2.271763822759996845e-03,-9.953469815644289467e-03,-7.464124050059675196e-05,-4.944348200756336652e-05,2.106452526259321363e-04,1.620596907875265335e-05
2.950637986192582119e-05,-2.343444040699301217e-05,-1.093055869023117210e-05,-1.060294121377727052e-04,-1.666013923787599844e-03,-5.751762681014110229e-04,2.463254210642934418e-04,-9.624509952636632615e-04,-7.859475605914892197e-05,8.085559218155144640e-05,-2.223787085798126204e-05,-1.677897021867996751e-04,-7.928646838211038037e-04,-2.129874041117465062e-05,2.840930551332546567e-06,-1.665109555711194683e-04,9.357525700406395643e-05,1.955339199060781709e-05,-6.384865101032768508e-04,7.547631502487763759e-05,-3.387764285414444063e-04,4.027352808897182628e-04,1.299399751197804175e-04,2.491948298573998114e-04,6.583141339010176738e-04,1.923445669989323433e-05,1.826261936020952075e-04,-4.376619213558890944e-04,9.585633264442089082e-05,-5.608216999952480208e-05,-1.676709552746061076e-04,-1.202009208447842351e-04
7.141935304122516205e-05,-2.431005701864051712e-05,-4.965579728313494360e-05,-3.668836124861358150e-05,-1.616960099789252296e-04,-2.451882039542258745e-05,-1.035452057175306725e-06,-1.057972146358409238e-04,1.414578791565888351e-04,3.212524317888009693e-05,-2.332928738910153125e-04,-2.360141748097450694e-04,-6.931463232834012770e-05,-1.248229710104099034e-06,-7.452379665186442193e-05,-1.226488936939427923e-04,-1.271443785666074384e-04,-2.018808898199428586e-05,-5.086789850791855920e-05,-2.568581881072524574e-05,-1.787850987928038158e-04,1.217190528285856541e-04,2.785859726716164038e-04,1.451346408496958975e-04,-2.184885597363513707e-04,-1.929269522974958536e-04,-1.120143405809389007e-04,-3.731281658153776191e-04,-2.458138845871466550e-05,-5.220490467060772403e-05,3.698535463201310333e-06,-1.276394796304205129e-05
-2.531669455960035796e-05,1.151263083322091928e-04,-1.385144689691756225e-04,7.870284727497396920e-05,-6.604856681420200797e-05,-1.571008827857809688e-04,-1.737580480965640026e-05,-1.857316670532118894e-04,-5.953345967953228661e-05,-1.173933234974762897e-04,-9.730378394402636666e-05,-3.188037653736066051e-04,2.193259671645709225e-05,-7.966305792583901093e-05,4.124340873174842321e-05,2.438199873199247426e-07,1.890148195124143198e-05,-6.456427244608762440e-06,-4.509631518080136953e-05,-9.371401224553332703e-06,-1.555382364727714458e-04,8.871024855437500476e-06,-6.330631179432942980e-05,3.696571620462307242e-04,9.674195342070629150e-08,9.234600578275823407e-06,9.653031069401793991e-06,-5.574358367112863547e-06,-3.707106258031847513e-05,-3.369917570283618177e-05,-2.212146946001792539e-04,-4.284661814927718344e-05
-7.717695996186292205e-04,1.080213758269553463e-04,5.319193320819117610e-05,-5.134569846188231750e-03,-2.127302592496777738e-04,-1.485119711697017477e-04,1.707784253552198611e-04,-1.227664846627433254e-04,-7.397875883347224352e-05,1.020651778313942189e-05,-2.401440873300743210e-06,-1.512763362341102086e-04,-5.747592247423567681e-04,1.523983579428474949e-04,4.315960768752104813e-04,1.713512688665026903e-04,-7.094888408026002132e-05,-7.891001334815839576e-05,-2.966043559048845039e-05,-1.560729548692367120e-05,7.319517633306290379e-06,-1.048523465063743392e-04,-3.208621432650072441e-05,-7.129020263849428544e-05,9.735502376206670475e-06,1.022130755342448528e-04,5.352495419457869779e-04,-1.016169660350331471e-04,-2.532075927691331799e-04,-9.922214556480160618e-05,3.069697213273794812e-04,-1.392807123186894200e-04
-7.143570438594845032e-05,-1.142205110894271825e-04,-2.852168632999630121e-04,-5.106266782381302903e-03,-1.497770566361915618e-05,-7.964721099277813148e-05,-1.161132948354874362e-04,-3.305714372519209262e-05,3.608090248699753495e-05,-2.794157298562893179e-04,-2.686874402426866365e-04,6.668313770267287114e-05,3.248957551921204242e-06,9.690693806862124538e-06,9.648869673186868658e-06,1.212237836275517756e-05,-1.855445723607610788e-04,5.600734893626655998e-06,-8.530059385366937788e-05,-4.118462375592445878e-05,6.322968325594753122e-06,-1.087910870066482595e-06,-3.676078635647535796e-05,-6.504087841561214083e-05,-1.658862837615235063e-06,-3.182740910937654881e-05,2.697337161334512464e-05,-3.395287375187840194e-05,2.826134475901701879e-06,-3.830207924244266227e-06,-2.275827657352549660e-05,2.908921039995588962e-06
1.338828349819640604e-05,4.758136228714742433e-06,8.639121593642133863e-06,1.061807566536498455e-06,-6.061889683073767897e-04,-2.578443759587318858e-04,-4.280120008250722232e-05,-5.981107524823402909e-05,2.461585658897970345e-05,-1.715951519052804004e-04,-5.257482757353143369e-06,-2.971009912208374092e-04,7.400150779944716754e-04,3.988443964459159906e-05,5.271211371603402385e-04,1.411472246239988944e-04,-2.345044076526787199e-04,-1.371222717637571884e-04,-6.285521224120104280e-04,-4.340028981395769887e-04,-2.274312320650044114e-05,-6.428768671786330897e-06,-1.299030269655085135e-05,1.707937888937709301e-06,-3.382252537144928912e-05,-1.568883783558359935e-04,-3.577972669023048261e-05,1.593606680505534805e-05,6.629516106566521461e-05,7.301613121005812504e-05,-1.282208140713539697e-05,5.454199102264533364e-05
-5.775826690227255929e-05,-1.486922983390151596e-04,-9.808169181323354272e-05,-8.176298672793110044e-05,-3.207402437799235977e-05,7.099592046778023730e-05,1.714962241679892513e-04,-1.367275065864595255e-05,-1.658618197958963724e-04,-1.305932722912184370e-04,-1.359578374410718099e-04,-8.298307447070294839e-05,3.768321026867972839e-04,4.322806685868708725e-04,1.367883722603909619e-04,-6.219925429824377705e-05,-3.088554222930133529e-04,-1.537717868309935640e-04,-1.874811978871462678e-05,-1.767781288566643190e-04,7.945160435352406191e-05,-2.106723647527869664e-05,6.866682063373087360e-05,-1.974029752868523276e-05,-4.536974833613558405e-05,3.119529512604469839e-04,-7.270274444763011222e-06,3.995806273015160495e-05,-4.887273180467958207e-04,-1.698013589479691087e-05,-3.988580575951063595e-05,-3.339224120625656204e-05
-1.698229225465373740e-04,-4.529692390237440003e-05,-1.134785635683196835e-04,-3.517893036598883593e-06,-1.347690862728275017e-04,-2.026984570561074080e-05,-7.111695824960726918e-05,-1.331103915724330658e-04,-4.301578521055966623e-05,-6.594497326903349930e-05,7.067248750640912445e-06,-2.158188349101035702e-06,-2.397723149177217767e-04,-1.673368035654086835e-04,-1.010310372445411909e-03,-5.210002907913057542e-05,2.133787434931702442e-05,1.464247577449330495e-04,2.491824927888232843e-04,-2.866674461553059760e-05,5.913751754168898849e-05,-1.694020330485571181e-05,4.905882818238187573e-04,1.471388785559972934e-04,1.647132113891192691e-04,1.850265626006133133e-04,3.027852903132041630e-04,1.505239221710075875e-04,-6.707832322302254924e-05,-1.832076961802494718e-04,-3.930842254326609344e-05,-2.819375359625338903e-05
-1.926778990391783886e-05,-1.631532132373374026e-04,-1.776401263534266027e-05,-4.061123379867403415e-06,-1.209308045202989683e-04,1.921631469376836965e-04,2.969284824322914493e-04,2.363321433114400126e-04,-2.549449967060169863e-05,-1.151166194248602951e-04,-2.254300628629827110e-04,-2.958830682447834539e-04,2.595330411187348108e-05,1.123993748165824674e-04,2.698318452189436075e-04,2.418070485124466885e-04,-1.204124164514043928e-04,-1.114272894744980716e-04,-1.285396022420003527e-04,-5.808003950858822050e-05,-3.136936128559838976e-06,-1.097678171394574114e-04,-3.308738740778440412e-05,-5.450336149616537375e-06,-4.988698596174188698e-05,-2.544185170333711500e-05,-3.064574072155864888e-06,-5.807638252403571246e-05,-1.387901509598380996e-04,-8.926104507257975396e-05,-3.264369429923247187e-05,-2.258127011432298120e-05
3.790852885656531774e-04,-6.574432041144001463e-04,-1.674508216182671056e-04,-1.543133421071998150e-03,-6.870065824941788018e-05,-2.127735756011876755e-04,-9.372105299165454115e-05,-5.086913851992199727e-05,-6.726901184856807516e-05,-8.437327504662431093e-05,-8.463985661021072989e-05,-1.007753972105986649e-04,-1.350667311879576278e-05,4.463280289734704596e-05,1.112457433103338124e-04,7.921642241592299558e-05,-5.379472616192988341e-05,-3.164575785944929510e-05,-4.827068285814293218e-05,-4.336885445881293651e-04,-3.971463786530057285e-04,-1.683368417204519332e-04,-2.720125849727851337e-04,-3.859059430648308976e-04,-4.713472677723140727e-05,-2.964084760426466256e-05,-6.833306825043283675e-05,-8.332952121417175871e-05,-5.691264176738615465e-05,1.827851463272137794e-04,-3.220548666750930507e-05,1.652223098765643477e-04
3.921800675277817693e-07,-9.616881566928706863e-06,-4.590404638954883844e-05,-6.888455833467340656e-06,5.300273680048029437e-06,2.259053867861985688e-05,8.019590579572282471e-05,2.868830821409884598e-05,-8.136521399609628448e-04,-1.187786270768417129e-04,-5.629765886513907593e-05,-8.177748856322553106e-04,-2.185885383312725732e-04,-7.493756133511305327e-05,-2.486553615844468157e-04,-1.703329037543916931e-03,-4.882093923552584453e-04,-3.574766922736873943e-04,-1.198889842658856748e-04,-1.797291262361663767e-04,6.673181763152645496e-04,-1.125621526634743616e-04,-2.673507913715916604e-06,8.861232964040866315e-05,-2.805096306148470038e-06,-4.636037080681374475e-05,-1.431623281981948402e-05,-4.958618847372165652e-06,-3.389022981666543408e-03,-4.128273182426420200e-05,-2.278266592826090012e-03,-4.471035619044337541e-05
-5.380553108008187405e-04,-1.624398910780719806e-05,-2.607690598631779623e-05,-1.773171347522601009e-04,5.875429078116907832e-06,-1.718177445684737013e-05,-1.058772269357915319e-04,-1.199448898918033420e-04,-2.457673105769836528e-04,-4.389815883676827712e-04,-8.709834644253062422e-04,-2.882682596174382774e-04,-3.361817559671334684e-05,1.256803657507526582e-04,-1.566196110083791046e-05,7.011979944447032352e-05,-1.350590599272583959e-04,2.466238856483750043e-05,-5.053267702565374326e-04,-2.590846401680003443e-04,-5.757151689112439052e-04,-6.288476025604226513e-04,-3.976256117666053665e-05,-4.607232232356105119e-04,-1.670670273946269635e-05,-3.092320917019218907e-05,1.487409110129804319e-05,1.394721365445759752e-05,-1.591500341471899509e-04,-3.532317696908969431e-03,-1.679027723660758307e-03,-3.952835443494014003e-04
-1.774988910879503695e-05,-7.112219152060483699e-05,-3.889119002983835398e-06,-6.142857632953121333e-05,-2.743906968066991468e-05,-2.537911550282423288e-05,-3.060851934430293029e-05,-6.700436386302092504e-06,-9.717974070937744277e-04,-5.101469070854240846e-04,-5.563077620626000067e-04,-9.208089541985387157e-04,-8.354107987224971578e-06,-1.344828746887120930e-05,-2.885781154982293691e-05,-2.287395498143937202e-05,-1.564577789333542626e-05,-5.672277281079205155e-06,-8.807847294720002156e-06,-2.822063453442959539e-05,-5.356767786238526105e-06,-2.036185879969630509e-05,5.109269797213491228e-07,-9.872481668281286003e-05,-1.051029970682894750e-05,1.047747091446676026e-05,-1.359183462113352135e-05,-3.061667399951197688e-05,-1.561708107317452373e-04,-4.439607199559931225e-04,-1.519885444842877982e-04,-3.005355932816800176e-04
-3.205931867631769570e-04,-2.094262998094007183e-04,-4.160391174687653386e-04,-5.036661840124089873e-05,-4.613783699164774135e-04,-3.305102773378530598e-05,-8.066929193746892471e-04,-2.023617622714452881e-04,-6.348127118286864962e-04,-1.930197640433802431e-04,-2.362647413030497879e-04,-8.646641530842639751e-05,2.517421297697489862e-04,-3.000334304545930909e-04,1.037532545111243280e-04,5.301114366152054368e-05,-5.248109107293262174e-06,-1.937817619280687268e-04,-3.934683811513258085e-03,5.305899971799218586e-05,-5.375319626839103720e-05,-6.371183775375861759e-05,-2.031947981319239070e-04,-2.627912882521055192e-04,-7.194520430100821316e-04,-5.011213010726088893e-04,-7.514518348050890821e-04,-7.782774138013465572e-04,-1.080148605096491453e-04,5.886015417881845720e-05,1.501764035527561466e-04,-8.274198671322111152e-05
-1.349589131951163859e-04,-4.650029880539822773e-04,-9.157232446293904352e-04,-2.747377950818985894e-04,-3.053966084723748497e-04,1.182315085603420727e-04,-9.553717877531926446e-04,-4.462435063925717857e-03,-6.247729020999751785e-05,-6.828966783031253126e-05,-2.019845043822639648e-05,-1.755523643809750239e-03,-3.738674651752574209e-04,-4.828093292346625955e-04,-9.453893548510811814e-06,-2.884118067697006064e-04,-4.153359255770534033e-05,-3.607777093126004006e-05,2.985127133610218284e-05,-2.909183754403096890e-05,3.450595273285557581e-04,2.039525505517870903e-05,-2.124636987032439727e-04,-5.624738583611837056e-05,-1.422073508183273392e-04,-2.076945074522613033e-04,-1.574416612031933954e-03,-1.191547185140537065e-03,-4.334953969557295132e-04,-1.245222155566948468e-04,-8.147994873385839870e-05,-2.829333286527518058e-05
